ID,Name,Gender,Grade,MaritalStatus,Children,Hobby
1,Sofia,F,B,Married,2,Trekking
2,Clara,F,D,Single,1,Stitching
3,Alfie,M,B,Married,1,Stitching
4,Henry,M,A,Single,0,Music
5,Riley,M,A,Married,--,Music
6,Bella,F,C,Married,4,TV
7,Ava,F,C,Married,0,TV
8,Archie,M,A,Married,1,TV
9,Nathan,M,B,Single,1,Stitching
10,Dominic,M,C,Married,1,Stitching
11,Eleanor,F,B,Single,1,Music
12,Henry,M,C,Separated,1,Music
13,Isla,F,D,Single,4,Music
14,Adam,M,B,Single,0,Music
15,Sonny,M,A,Married,0,Music
16,Finn,M,B,Married,1,Music
17,Louie,M,B,Married,2,Trekking
18,Sebastian,M,C,Separated,0,Music
19,James,M,B,Married,1,Trekking
20,George,M,C,Married,1,Trekking
21,Summer,F,A,Married,4,Music
22,Logan,M,C,Married,3,Trekking
23,Georgia,F,B,Married,4,Trekking
24,Mason,M,D,Single,0,Trekking
25,Olivia,F,C,Married,3,Trekking
26,Lucy,F,B,Married,3,Music
27,Poppy,F,C,Married,3,Music
28,Jacob,M,D,Married,0,Music
29,Connor,M,C,Separated,0,TV
30,Harley,M,B,Married,1,TV
31,Dylan,M,D,Married,1,Music
32,Toby,M,C,Single,3,TV
33,Tyler,M,D,Married,1,TV
34,Ava,F,D,Married,0,TV
35,Alex,M,D,Single,0,Trekking
36,Scarlett,F,D,Married,--,Stitching
37,Reggie,M,B,Married,1,Stitching
38,Sophie,F,C,Married,4,Trekking
39,Matthew,M,A,Married,3,Stitching
40,Ella,F,D,Married,2,Trekking
41,Penelope,F,C,Single,1,Trekking
42,Eleanor,F,B,Single,1,Music
43,Molly,F,D,Married,0,Trekking
44,Felicity,F,A,Single,2,Trekking
45,Sophia,F,C,Married,0,Trekking
46,Louis,M,A,Separated,3,Music
47,Grayson,M,D,Married,3,Music
48,Freddie,M,D,Single,--,Music
49,Jake,M,C,Married,4,Trekking
50,Dexter,M,D,,0,Music
51,Mila,F,A,Married,2,Music
52,William,M,B,Married,0,TV
53,Emily,F,A,,4,Trekking
54,Henry,M,C,Single,1,Music
55,Ellie,F,B,Married,3,Stitching
56,Thomas,M,D,Single,2,Trekking
57,Thomas,M,C,Married,3,Trekking
58,Harriet,F,A,Married,0,Trekking
59,Esme,F,A,Single,--,Trekking
60,Esme,F,A,Married,4,Stitching
61,Kai,M,B,Married,0,TV
62,Hannah,F,B,Married,0,Music
63,Maya,F,D,Single,0,Stitching
64,Reuben,M,B,Single,3,Music
65,Theo,M,C,Married,1,TV
66,Grace,F,A,Married,1,Music
67,Teddy,M,A,Married,1,Trekking
68,Zara,F,A,Single,0,Music
69,Elliott,M,A,Married,1,Music
70,Ada,F,B,Single,2,TV
71,Heidi,F,D,Married,0,Stitching
72,Isabella,F,B,Married,--,Trekking
73,Chloe,F,B,Single,2,Stitching
74,Mia,F,B,Married,4,Music
75,Thomas,M,C,Married,1,TV
76,Luca,M,C,Married,0,Trekking
77,Emily,F,D,Single,--,TV
78,Hallie,F,C,Married,1,Trekking
79,Eva,F,B,Single,1,Trekking
80,Darcey,F,A,Married,3,Music
81,Aurora,F,C,Married,0,Stitching
82,Grace,F,C,Married,1,TV
83,Rory,M,C,Single,0,TV
84,Jayden,M,A,Married,1,TV
85,Logan,M,C,,0,Music
86,Robyn,F,D,Single,3,Trekking
87,Isla,F,D,Married,0,Music
88,Olivia,F,C,Married,0,Trekking
89,Roman,M,D,Married,3,TV
90,Luke,M,C,Married,3,Music
91,Phoebe,F,A,Married,1,Music
92,Amelia,F,B,Married,0,NA
93,Ellis,M,B,Married,1,Music
94,Amber,F,D,Married,0,Music
95,Oscar,M,B,Single,--,NA
96,Jesse,M,D,Married,0,Stitching
97,Ivy,F,B,Single,0,Trekking
98,Noah,M,A,Married,0,TV
99,Samuel,M,A,Married,0,TV
100,Elizabeth,F,D,Single,0,Trekking
101,Leon,M,C,Married,--,Music
102,Harrison,M,D,Single,4,NA
103,Luna,F,C,Separated,2,Music
104,Harry,M,D,Married,4,Trekking
105,Amelia,F,B,Single,4,Stitching
106,Hunter,M,A,Married,0,TV
107,Nancy,F,C,Single,--,Music
108,Lily,F,D,Married,1,Music
109,Harper,F,D,Married,1,TV
110,Orla,F,C,Single,--,Music
111,Rowan,M,A,Single,0,Trekking
112,Zoe,F,D,,1,TV
113,Edward,M,D,Single,1,NA
114,Erin,F,D,Married,0,Music
115,Jamie,M,C,Married,0,Trekking
116,Max,M,C,Married,2,Trekking
117,Alexander,M,B,Married,0,Trekking
118,Jude,M,B,Married,2,Stitching
119,Albert,M,B,Single,2,TV
120,Benjamin,M,B,Single,1,Music
121,Maisie,F,C,Single,1,Trekking
122,Ezra,M,C,Married,--,Stitching
123,Isabelle,F,C,Single,0,Stitching
124,Emily,F,C,Single,0,Music
125,Layla,F,A,Married,4,Trekking
126,Emilia,F,C,Married,1,Music
127,Arabella,F,B,Separated,0,TV
128,Holly,F,B,Married,0,Music
129,Jackson,M,D,Separated,4,Trekking
130,Lottie,F,B,Married,0,Music
131,Darcy,F,C,Married,1,Stitching
132,Ethan,M,C,Separated,4,Music
133,Victoria,F,C,Married,2,Music
134,George,M,B,Single,4,Stitching
135,Jack,M,B,Married,1,Music
136,Bonnie,F,A,Married,2,Music
137,Daniel,M,B,Married,1,TV
138,Ollie,M,C,Separated,0,Stitching
139,Abigail,F,A,Married,0,Music
140,Emma,F,C,Married,--,Trekking
141,Matilda,F,D,Single,0,Music
142,Ryan,M,D,Married,0,Music
143,Logan,M,D,Single,1,Music
144,Rose,F,D,,0,Trekking
145,Willow,F,D,Single,0,Music
146,Sophia,F,B,Single,0,Trekking
147,Carter,M,D,,--,Trekking
148,Darcie,F,A,Married,1,TV
149,Ava,F,D,Single,0,TV
150,Bobby,M,C,Married,1,Stitching
151,Ruby,F,B,Married,1,Music
152,Matilda,F,B,Married,1,TV
153,Violet,F,B,Married,0,Stitching
154,Lucas,M,B,Married,1,Trekking
155,Olivia,F,B,Single,1,TV
156,Lewis,M,B,Married,2,Music
157,Arlo,M,C,Married,3,Trekking
158,Harvey,M,A,Married,4,TV
159,David,M,D,Married,1,Music
160,Charlie,M,D,Married,1,NA
161,Jaxon,M,C,Single,4,Music
162,Gracie,F,D,Single,0,TV
163,Gabriel,M,C,Married,1,TV
164,Freya,F,A,Married,0,Trekking
165,Scarlett,F,C,Single,0,Music
166,Michael,M,D,Single,0,Stitching
167,Zachary,M,D,Married,4,Trekking
168,Arthur,M,B,Married,1,Stitching
169,Lexi,F,D,Married,2,Stitching
170,Charlotte,F,A,Married,4,TV
171,Elijah,M,B,Married,0,TV
172,Finley,M,C,Married,--,TV
173,Logan,M,D,Single,1,Music
174,Nevaeh,F,B,Married,0,TV
175,Lilly,F,A,Married,2,Music
176,Leo,M,B,Married,1,Stitching
177,Sophia,F,B,Separated,1,Music
178,George,M,B,Single,3,Music
179,Evelyn,F,D,Married,1,TV
180,Liam,M,A,Separated,0,Trekking
181,Isaac,M,B,Married,0,Trekking
182,Joseph,M,D,Single,0,Trekking
183,Thomas,M,C,,--,Music
184,Theodore,M,A,Married,2,Trekking
185,Grace,F,B,Married,0,TV
186,Isla,F,B,Single,1,NA
187,Amelia,F,D,Single,4,NA
188,Albie,M,B,Single,0,TV
189,Joshua,M,B,Married,2,TV
190,Hugo,M,A,Separated,0,Trekking
191,Arlo,M,C,Married,3,Music
